week_,addressOrOthers,balance
2025-08-24 21:00:00,others,0.30000000000000004
2025-08-31 21:00:00,others,1.35
2025-09-07 21:00:00,others,1.3589980000000002
2025-09-14 21:00:00,others,10.509986
2025-09-21 21:00:00,others,8260810.815656007
2025-09-21 21:00:00,HyperLend USDC Market,879663.449194
2025-09-28 21:00:00,others,11865797.255134044
2025-09-28 21:00:00,HyperLend USDC Market,1018161.850153
2025-10-05 21:00:00,others,9670596.515872052
2025-10-05 21:00:00,HyperLend USDC Market,1423884.250443
2025-10-12 21:00:00,others,16704444.530544087
2025-10-12 21:00:00,HyperLend USDC Market,2730696.450294
2025-10-19 21:00:00,others,18514272.938198756
2025-10-19 21:00:00,HyperLend USDC Market,3791438.361004
2025-10-26 21:00:00,others,21822992.691880755
2025-10-26 21:00:00,HyperLend USDC Market,2598578.136788
2025-11-02 21:00:00,others,22451764.137589578
2025-11-02 21:00:00,HyperLend USDC Market,2328282.474709
2025-11-09 21:00:00,others,27952697.80438564
2025-11-09 21:00:00,HyperLend USDC Market,3428926.139721
2025-11-16 21:00:00,others,40266259.45365112
2025-11-16 21:00:00,Hyperbeat,5173783.091774
2025-11-16 21:00:00,HyperLend USDC Market,3086186.23975
2025-11-23 21:00:00,others,29615343.856243383
2025-11-23 21:00:00,HyperLend USDC Market,3862186.721717
2025-11-23 21:00:00,Hyperbeat,3777068.438278
2025-11-23 21:00:00,Circle: CCTP CoreDepositWallet,10.0
2025-11-30 21:00:00,others,42474710.31377482
2025-11-30 21:00:00,HyperLend USDC Market,6377123.664751
2025-11-30 21:00:00,Hyperbeat,2043159.937308
2025-11-30 21:00:00,Circle: CCTP CoreDepositWallet,10.0
2025-12-07 21:00:00,others,33041780.135088257
2025-12-07 21:00:00,HyperLend USDC Market,5228947.406012
2025-12-07 21:00:00,Circle: CCTP CoreDepositWallet,2569133.924646
2025-12-07 21:00:00,Hyperbeat,1586599.51139
2025-12-14 21:00:00,others,48291254.48244066
2025-12-14 21:00:00,HyperLend USDC Market,5776227.126847
2025-12-14 21:00:00,Hyperbeat,1484585.582399
2025-12-14 21:00:00,Circle: CCTP CoreDepositWallet,248596.4314
2025-12-21 21:00:00,Circle: CCTP CoreDepositWallet,362723121.603013
2025-12-21 21:00:00,others,45266938.09008463
2025-12-21 21:00:00,HyperLend USDC Market,10751195.513558
2025-12-21 21:00:00,Hyperbeat,1424508.255111
2025-12-28 21:00:00,Circle: CCTP CoreDepositWallet,344277805.092606
2025-12-28 21:00:00,others,55427075.86465244
2025-12-28 21:00:00,HyperLend USDC Market,9640587.999633
2025-12-28 21:00:00,Hyperbeat,0.0
2026-01-04 21:00:00,Circle: CCTP CoreDepositWallet,313886052.85303
2026-01-04 21:00:00,others,39483274.932496354
2026-01-04 21:00:00,HyperLend USDC Market,10212328.773579
2026-01-04 21:00:00,Hyperbeat,0.0
2026-01-11 21:00:00,Circle: CCTP CoreDepositWallet,320723958.934622
2026-01-11 21:00:00,others,35321853.063223384
2026-01-11 21:00:00,HyperLend USDC Market,9864015.626432
2026-01-11 21:00:00,Hyperbeat,0.0
2026-01-18 21:00:00,Circle: CCTP CoreDepositWallet,300970486.399516
2026-01-18 21:00:00,others,31090182.27841497
2026-01-18 21:00:00,HyperLend USDC Market,11024257.269547
2026-01-18 21:00:00,Hyperbeat,0.0
2026-01-25 21:00:00,Circle: CCTP CoreDepositWallet,289985206.965678
2026-01-25 21:00:00,others,30992369.701481905
2026-01-25 21:00:00,HyperLend USDC Market,8201005.073626
2026-01-25 21:00:00,Hyperbeat,0.0
2026-02-01 21:00:00,Circle: CCTP CoreDepositWallet,290846170.894056
2026-02-01 21:00:00,others,30035250.322748028
2026-02-01 21:00:00,HyperLend USDC Market,7416314.735166
2026-02-01 21:00:00,Hyperbeat,0.0
2026-02-08 21:00:00,Circle: CCTP CoreDepositWallet,191749559.058218
2026-02-08 21:00:00,others,42618210.18643881
2026-02-08 21:00:00,HyperLend USDC Market,9938771.645516
2026-02-08 21:00:00,Hyperbeat,0.0
2026-02-15 21:00:00,Circle: CCTP CoreDepositWallet,157201644.014234
2026-02-15 21:00:00,others,43894850.39355895
2026-02-15 21:00:00,HyperLend USDC Market,14270303.072229
2026-02-15 21:00:00,Hyperbeat,0.0
2026-02-22 21:00:00,Circle: CCTP CoreDepositWallet,126365768.446502
2026-02-22 21:00:00,others,47064818.446048714
2026-02-22 21:00:00,HyperLend USDC Market,15255340.120429
2026-02-22 21:00:00,Hyperbeat,0.0
2026-03-01 21:00:00,Circle: CCTP CoreDepositWallet,189686735.590619
2026-03-01 21:00:00,others,47105597.26615478
2026-03-01 21:00:00,HyperLend USDC Market,19921116.085885
2026-03-01 21:00:00,Hyperbeat,0.0
2026-03-08 21:00:00,Circle: CCTP CoreDepositWallet,323032513.057566
2026-03-08 21:00:00,others,52529441.89582885
2026-03-08 21:00:00,HyperLend USDC Market,27241034.70236
2026-03-08 21:00:00,Hyperbeat,0.0
2026-03-15 21:00:00,Circle: CCTP CoreDepositWallet,465862336.296931
2026-03-15 21:00:00,others,103893469.95690726
2026-03-15 21:00:00,HyperLend USDC Market,29055169.529318
2026-03-15 21:00:00,Hyperbeat,0.0
2026-03-22 21:00:00,Circle: CCTP CoreDepositWallet,666505372.302898
2026-03-22 21:00:00,others,114441374.82632016
2026-03-22 21:00:00,HyperLend USDC Market,21376803.786246
2026-03-22 21:00:00,Hyperbeat,0.0
2026-03-29 21:00:00,Circle: CCTP CoreDepositWallet,812620273.42852
2026-03-29 21:00:00,others,103452497.00097421
2026-03-29 21:00:00,HyperLend USDC Market,24715650.200751
2026-03-29 21:00:00,Hyperbeat,0.0
2026-04-05 21:00:00,Circle: CCTP CoreDepositWallet,1025476067.41936
2026-04-05 21:00:00,others,108518893.4959119
2026-04-05 21:00:00,HyperLend USDC Market,20750428.073083
2026-04-05 21:00:00,Hyperbeat,0.0
2026-04-12 21:00:00,Circle: CCTP CoreDepositWallet,1277971975.61548
2026-04-12 21:00:00,others,110725797.30703367
2026-04-12 21:00:00,HyperLend USDC Market,12944835.544576
2026-04-12 21:00:00,Hyperbeat,0.0
2026-04-19 21:00:00,Circle: CCTP CoreDepositWallet,1346211383.782984
2026-04-19 21:00:00,others,119231627.47515288
2026-04-19 21:00:00,HyperLend USDC Market,14986724.219647
2026-04-19 21:00:00,Hyperbeat,0.0
2026-04-26 21:00:00,Circle: CCTP CoreDepositWallet,1326435429.318831
2026-04-26 21:00:00,others,114183306.06426682
2026-04-26 21:00:00,HyperLend USDC Market,9622866.252159
2026-04-26 21:00:00,Hyperbeat,0.0
2026-05-03 21:00:00,Circle: CCTP CoreDepositWallet,1298628933.836105
2026-05-03 21:00:00,others,114247696.44192055
2026-05-03 21:00:00,HyperLend USDC Market,8298549.360155
2026-05-03 21:00:00,Hyperbeat,0.0
2026-05-10 21:00:00,Circle: CCTP CoreDepositWallet,1267985131.053106
2026-05-10 21:00:00,others,116904923.38367955
2026-05-10 21:00:00,HyperLend USDC Market,13687581.971583
2026-05-10 21:00:00,Hyperbeat,0.0
2026-05-17 21:00:00,Circle: CCTP CoreDepositWallet,1245786698.324471
2026-05-17 21:00:00,others,216767694.93399534
2026-05-17 21:00:00,HyperLend USDC Market,13483983.857178
2026-05-17 21:00:00,Hyperbeat,0.0
2026-05-24 21:00:00,Circle: CCTP CoreDepositWallet,1341043325.811979
2026-05-24 21:00:00,others,1101901623.6161606
2026-05-24 21:00:00,HyperLend USDC Market,15309599.685771
2026-05-24 21:00:00,Hyperbeat,0.0
2026-05-31 21:00:00,Circle: CCTP CoreDepositWallet,2041914196.672355
2026-05-31 21:00:00,others,842463806.8682926
2026-05-31 21:00:00,HyperLend USDC Market,11890103.589175
2026-05-31 21:00:00,Hyperbeat,0.0
2026-06-07 21:00:00,Circle: CCTP CoreDepositWallet,3985326751.999008
2026-06-07 21:00:00,others,452225745.0851801
2026-06-07 21:00:00,HyperLend USDC Market,9657146.987235
2026-06-07 21:00:00,Hyperbeat,0.0
2026-06-14 21:00:00,Coinbase: Hyperliquid Deployer,4475715102.86733
2026-06-14 21:00:00,Circle: CCTP CoreDepositWallet,497301678.096406
2026-06-14 21:00:00,others,268882966.0929283
2026-06-14 21:00:00,HyperLend USDC Market,11378182.69379
2026-06-14 21:00:00,Hyperbeat,0.0
